{
  "_updated": "Apr 12, 2026",
  "_note": "Updated daily by Jordan",
  "funding_rate": null,
  "stablecoin_total": 263381222315,
  "usdt_supply": 184705297031,
  "usdc_supply": 78675925284,
  "btc_price": 74420,
  "btc_dom": 57.16,
  "total_mcap": 2605666630648.7603,
  "total_volume": 135630341619.80894,
  "fear_greed": 21,
  "fear_greed_label": "Extreme Fear",
  "gork_price": 0.00160491,
  "gork_mcap": 1607386,
  "gork_24h": 2.55533
}