{
  "_updated": "Apr 01, 2026",
  "_note": "Updated daily by Jordan",
  "funding_rate": null,
  "stablecoin_total": 261688528861,
  "usdt_supply": 184139997160,
  "usdc_supply": 77548531701,
  "btc_price": 66940,
  "btc_dom": 56.14,
  "total_mcap": 2385011196442.383,
  "total_volume": 63222923663.61594,
  "fear_greed": 11,
  "fear_greed_label": "Extreme Fear",
  "gork_price": 0.00174227,
  "gork_mcap": 1742160,
  "gork_24h": -2.56703
}