{
  "_updated": "Apr 12, 2026",
  "_note": "Updated daily by Jordan",
  "funding_rate": null,
  "stablecoin_total": 263667762518,
  "usdt_supply": 184741065730,
  "usdc_supply": 78926696788,
  "btc_price": 74774,
  "btc_dom": 57.43,
  "total_mcap": 2606211940076.8955,
  "total_volume": 148243299311.37997,
  "fear_greed": 21,
  "fear_greed_label": "Extreme Fear",
  "gork_price": 0.00157539,
  "gork_mcap": 1573387,
  "gork_24h": -0.03753
}