{
  "_updated": "Apr 15, 2026",
  "_note": "Updated daily by Jordan",
  "funding_rate": null,
  "stablecoin_total": 265110589321,
  "usdt_supply": 186670020767,
  "usdc_supply": 78440568554,
  "btc_price": 75599,
  "btc_dom": 57.54,
  "total_mcap": 2630987005097.526,
  "total_volume": 100517150401.16234,
  "fear_greed": 27,
  "fear_greed_label": "Fear",
  "gork_price": 0.00157917,
  "gork_mcap": 1579439,
  "gork_24h": 1.48161
}