{
  "_updated": "Apr 01, 2026",
  "_note": "Updated daily by Jordan",
  "funding_rate": null,
  "stablecoin_total": 261544717687,
  "usdt_supply": 184184835861,
  "usdc_supply": 77359881826,
  "btc_price": 68076,
  "btc_dom": 56.11,
  "total_mcap": 2426840579317.9067,
  "total_volume": 106968638052.21277,
  "fear_greed": 8,
  "fear_greed_label": "Extreme Fear",
  "gork_price": 0.00182796,
  "gork_mcap": 1827645,
  "gork_24h": -3.58384
}