{
  "_updated": "Apr 15, 2026",
  "_note": "Updated daily by Jordan",
  "funding_rate": null,
  "stablecoin_total": 265186359565,
  "usdt_supply": 186659742316,
  "usdc_supply": 78526617249,
  "btc_price": 77129,
  "btc_dom": 57.33,
  "total_mcap": 2693335639421.4795,
  "total_volume": 146318202036.82635,
  "fear_greed": 26,
  "fear_greed_label": "Fear",
  "gork_price": 0.00160567,
  "gork_mcap": 1606661,
  "gork_24h": 13.22099
}