{
  "_updated": "Apr 15, 2026",
  "_note": "Updated daily by Jordan",
  "funding_rate": null,
  "stablecoin_total": 264156366577,
  "usdt_supply": 185502724625,
  "usdc_supply": 78653641952,
  "btc_price": 74028,
  "btc_dom": 57.28,
  "total_mcap": 2582911992299.87,
  "total_volume": 118867692932.3048,
  "fear_greed": 23,
  "fear_greed_label": "Extreme Fear",
  "gork_price": 0.0013049,
  "gork_mcap": 1304817,
  "gork_24h": -19.12191
}