{
  "_updated": "Mar 30, 2026",
  "_note": "Updated daily by Jordan",
  "funding_rate": null,
  "stablecoin_total": 261506933211,
  "usdt_supply": 184076355420,
  "usdc_supply": 77430577791,
  "btc_price": 66629,
  "btc_dom": 56.07,
  "total_mcap": 2376676991533.756,
  "total_volume": 90134059377.58739,
  "fear_greed": 11,
  "fear_greed_label": "Extreme Fear",
  "gork_price": 0.00175991,
  "gork_mcap": 1759804,
  "gork_24h": -4.85493
}