{
  "_updated": "Mar 28, 2026",
  "_note": "Updated daily by Jordan",
  "funding_rate": null,
  "stablecoin_total": 261841800300,
  "usdt_supply": 184092338330,
  "usdc_supply": 77749461970,
  "btc_price": 66803,
  "btc_dom": 55.97,
  "total_mcap": 2386955621547.9053,
  "total_volume": 65735742173.73504,
  "fear_greed": 12,
  "fear_greed_label": "Extreme Fear",
  "gork_price": 0.00193199,
  "gork_mcap": 1931884,
  "gork_24h": 7.87627
}