{
  "_updated": "Mar 21, 2026",
  "_note": "Updated daily by Jordan",
  "funding_rate": null,
  "stablecoin_total": 263134772172,
  "usdt_supply": 184149652993,
  "usdc_supply": 78985119179,
  "btc_price": 68211,
  "btc_dom": 56.19,
  "total_mcap": 2430323520863.162,
  "total_volume": 68373917845.34547,
  "fear_greed": 10,
  "fear_greed_label": "Extreme Fear",
  "gork_price": 0.00181424,
  "gork_mcap": 1817418,
  "gork_24h": 4.79839
}