{
  "_updated": "Apr 06, 2026",
  "_note": "Updated daily by Jordan",
  "funding_rate": null,
  "stablecoin_total": 262404788663,
  "usdt_supply": 184105705969,
  "usdc_supply": 78299082694,
  "btc_price": 70965,
  "btc_dom": 56.98,
  "total_mcap": 2492426496536.127,
  "total_volume": 94432403263.03304,
  "fear_greed": 14,
  "fear_greed_label": "Extreme Fear",
  "gork_price": 0.00164724,
  "gork_mcap": 1649833,
  "gork_24h": -3.14132
}