{
  "_updated": "Apr 06, 2026",
  "_note": "Updated daily by Jordan",
  "funding_rate": null,
  "stablecoin_total": 261993041421,
  "usdt_supply": 184116766232,
  "usdc_supply": 77876275189,
  "btc_price": 68695,
  "btc_dom": 56.64,
  "total_mcap": 2429416513403.8086,
  "total_volume": 95033774219.78638,
  "fear_greed": 11,
  "fear_greed_label": "Extreme Fear",
  "gork_price": 0.00161358,
  "gork_mcap": 1613547,
  "gork_24h": -1.79275
}