{
  "_updated": "Mar 25, 2026",
  "_note": "Updated daily by Jordan",
  "funding_rate": null,
  "stablecoin_total": 262808088400,
  "usdt_supply": 184150509772,
  "usdc_supply": 78657578628,
  "btc_price": 71309,
  "btc_dom": 56.58,
  "total_mcap": 2520581482114.0923,
  "total_volume": 90200769037.05997,
  "fear_greed": 10,
  "fear_greed_label": "Extreme Fear",
  "gork_price": 0.00193145,
  "gork_mcap": 1929169,
  "gork_24h": 8.93729
}