{
  "_updated": "Apr 15, 2026",
  "_note": "Updated daily by Jordan",
  "funding_rate": null,
  "stablecoin_total": 265524334345,
  "usdt_supply": 187273887838,
  "usdc_supply": 78250446507,
  "btc_price": 73855,
  "btc_dom": 57.35,
  "total_mcap": 2578863757301.9966,
  "total_volume": 122638519556.92665,
  "fear_greed": 29,
  "fear_greed_label": "Fear",
  "gork_price": 0.00157277,
  "gork_mcap": 1572667,
  "gork_24h": 2.98042
}