{
  "_updated": "Apr 15, 2026",
  "_note": "Updated daily by Jordan",
  "funding_rate": null,
  "stablecoin_total": 265146979402,
  "usdt_supply": 186641493645,
  "usdc_supply": 78505485757,
  "btc_price": 76073,
  "btc_dom": 57.33,
  "total_mcap": 2654033156772.963,
  "total_volume": 162686463274.00024,
  "fear_greed": 26,
  "fear_greed_label": "Fear",
  "gork_price": 0.00155612,
  "gork_mcap": 1553137,
  "gork_24h": 11.49716
}