{
  "_updated": "Mar 25, 2026",
  "_note": "Updated daily by Jordan",
  "funding_rate": null,
  "stablecoin_total": 262870592533,
  "usdt_supply": 184179486388,
  "usdc_supply": 78691106145,
  "btc_price": 71531,
  "btc_dom": 56.56,
  "total_mcap": 2522758114559.775,
  "total_volume": 98908912862.78146,
  "fear_greed": 14,
  "fear_greed_label": "Extreme Fear",
  "gork_price": 0.00176937,
  "gork_mcap": 1769258,
  "gork_24h": -4.60875
}