{
  "_updated": "Mar 30, 2026",
  "_note": "Updated daily by Jordan",
  "funding_rate": null,
  "stablecoin_total": 261385963509,
  "usdt_supply": 184049534443,
  "usdc_supply": 77336429066,
  "btc_price": 66620,
  "btc_dom": 56.06,
  "total_mcap": 2375635838229.9785,
  "total_volume": 101378270207.27914,
  "fear_greed": 11,
  "fear_greed_label": "Extreme Fear",
  "gork_price": 0.00175798,
  "gork_mcap": 1757877,
  "gork_24h": 2.21847
}