{
  "_updated": "Mar 13, 2026",
  "_note": "Updated daily by Jordan",
  "funding_rate": null,
  "stablecoin_total": 262861984278,
  "usdt_supply": 184013654013,
  "usdc_supply": 78848330265,
  "btc_price": 72257,
  "btc_dom": 57.05,
  "total_mcap": 2534029934206.8965,
  "total_volume": 120418213739.18784,
  "fear_greed": 15,
  "fear_greed_label": "Extreme Fear",
  "gork_price": 0.00272636,
  "gork_mcap": 2724546,
  "gork_24h": 3.92092
}