{
  "_updated": "Mar 25, 2026",
  "_note": "Updated daily by Jordan",
  "funding_rate": null,
  "stablecoin_total": 262850107069,
  "usdt_supply": 184168527597,
  "usdc_supply": 78681579472,
  "btc_price": 70743,
  "btc_dom": 56.43,
  "total_mcap": 2510968703999.5854,
  "total_volume": 96681719802.42383,
  "fear_greed": 14,
  "fear_greed_label": "Extreme Fear",
  "gork_price": 0.00184533,
  "gork_mcap": 1845213,
  "gork_24h": 2.60073
}