{
  "_updated": "Apr 12, 2026",
  "_note": "Updated daily by Jordan",
  "funding_rate": null,
  "stablecoin_total": 263053090968,
  "usdt_supply": 184429027144,
  "usdc_supply": 78624063824,
  "btc_price": 71132,
  "btc_dom": 56.93,
  "total_mcap": 2500827330261.999,
  "total_volume": 77116920715.07472,
  "fear_greed": 16,
  "fear_greed_label": "Extreme Fear",
  "gork_price": 0.00160601,
  "gork_mcap": 1605840,
  "gork_24h": -2.95076
}