{
  "_updated": "Apr 15, 2026",
  "_note": "Updated daily by Jordan",
  "funding_rate": null,
  "stablecoin_total": 264556060124,
  "usdt_supply": 185831287271,
  "usdc_supply": 78724772853,
  "btc_price": 74666,
  "btc_dom": 57.04,
  "total_mcap": 2621611488080.137,
  "total_volume": 115703520541.14717,
  "fear_greed": 21,
  "fear_greed_label": "Extreme Fear",
  "gork_price": 0.00136976,
  "gork_mcap": 1368204,
  "gork_24h": 7.30155
}