{
  "_updated": "Mar 21, 2026",
  "_note": "Updated daily by Jordan",
  "funding_rate": null,
  "stablecoin_total": 263176157463,
  "usdt_supply": 184158305743,
  "usdc_supply": 79017851720,
  "btc_price": 69007,
  "btc_dom": 56.3,
  "total_mcap": 2446089501798.562,
  "total_volume": 58844575334.13323,
  "fear_greed": 10,
  "fear_greed_label": "Extreme Fear",
  "gork_price": 0.00185485,
  "gork_mcap": 1844854,
  "gork_24h": 8.73002
}