{
  "_updated": "Mar 28, 2026",
  "_note": "Updated daily by Jordan",
  "funding_rate": null,
  "stablecoin_total": 261813225174,
  "usdt_supply": 184082703154,
  "usdc_supply": 77730522020,
  "btc_price": 66774,
  "btc_dom": 56.11,
  "total_mcap": 2381897858046.8306,
  "total_volume": 55539365912.59212,
  "fear_greed": 9,
  "fear_greed_label": "Extreme Fear",
  "gork_price": 0.00185794,
  "gork_mcap": 1857856,
  "gork_24h": -1.58967
}