{
  "_updated": "Mar 28, 2026",
  "_note": "Updated daily by Jordan",
  "funding_rate": null,
  "stablecoin_total": 261847602099,
  "usdt_supply": 184095381706,
  "usdc_supply": 77752220393,
  "btc_price": 66304,
  "btc_dom": 55.94,
  "total_mcap": 2371874672911.6553,
  "total_volume": 82828764220.15106,
  "fear_greed": 12,
  "fear_greed_label": "Extreme Fear",
  "gork_price": 0.00188796,
  "gork_mcap": 1887839,
  "gork_24h": 6.30647
}