{
  "_updated": "Apr 01, 2026",
  "_note": "Updated daily by Jordan",
  "funding_rate": null,
  "stablecoin_total": 261339217500,
  "usdt_supply": 184108103766,
  "usdc_supply": 77231113734,
  "btc_price": 66213,
  "btc_dom": 56.13,
  "total_mcap": 2359245116650.419,
  "total_volume": 108057646972.82959,
  "fear_greed": 12,
  "fear_greed_label": "Extreme Fear",
  "gork_price": 0.00177947,
  "gork_mcap": 1779356,
  "gork_24h": -1.75052
}