{
  "_updated": "Mar 28, 2026",
  "_note": "Updated daily by Jordan",
  "funding_rate": null,
  "stablecoin_total": 261795696795,
  "usdt_supply": 184067115060,
  "usdc_supply": 77728581735,
  "btc_price": 66332,
  "btc_dom": 56.06,
  "total_mcap": 2368599427424.811,
  "total_volume": 51620944198.93415,
  "fear_greed": 9,
  "fear_greed_label": "Extreme Fear",
  "gork_price": 0.00182291,
  "gork_mcap": 1822793,
  "gork_24h": -5.64629
}