{
  "_updated": "Mar 26, 2026",
  "_note": "Updated daily by Jordan",
  "funding_rate": null,
  "stablecoin_total": 262156459501,
  "usdt_supply": 184104639680,
  "usdc_supply": 78051819821,
  "btc_price": 68791,
  "btc_dom": 56.44,
  "total_mcap": 2437610338291.4663,
  "total_volume": 107345638864.09431,
  "fear_greed": 13,
  "fear_greed_label": "Extreme Fear",
  "gork_price": 0.00183814,
  "gork_mcap": 1835559,
  "gork_24h": -4.83128
}