{
  "_updated": "Apr 06, 2026",
  "_note": "Updated daily by Jordan",
  "funding_rate": null,
  "stablecoin_total": 263045959884,
  "usdt_supply": 184420718964,
  "usdc_supply": 78625240920,
  "btc_price": 73060,
  "btc_dom": 57.15,
  "total_mcap": 2558246856754.198,
  "total_volume": 62518291631.1056,
  "fear_greed": 16,
  "fear_greed_label": "Extreme Fear",
  "gork_price": 0.00165009,
  "gork_mcap": 1650019,
  "gork_24h": 4.29546
}