{
  "_updated": "Apr 06, 2026",
  "_note": "Updated daily by Jordan",
  "funding_rate": null,
  "stablecoin_total": 263052798318,
  "usdt_supply": 184419068001,
  "usdc_supply": 78633730317,
  "btc_price": 71491,
  "btc_dom": 57.04,
  "total_mcap": 2508391924318.4736,
  "total_volume": 73615533877.0458,
  "fear_greed": 16,
  "fear_greed_label": "Extreme Fear",
  "gork_price": 0.00160292,
  "gork_mcap": 1602837,
  "gork_24h": 3.11354
}