{
  "_updated": "Apr 01, 2026",
  "_note": "Updated daily by Jordan",
  "funding_rate": null,
  "stablecoin_total": 261890460956,
  "usdt_supply": 184144608080,
  "usdc_supply": 77745852876,
  "btc_price": 69565,
  "btc_dom": 56.68,
  "total_mcap": 2456569224504.8286,
  "total_volume": 98964560005.41478,
  "fear_greed": 13,
  "fear_greed_label": "Extreme Fear",
  "gork_price": 0.00164304,
  "gork_mcap": 1642133,
  "gork_24h": -4.14188
}