{
  "_updated": "Apr 06, 2026",
  "_note": "Updated daily by Jordan",
  "funding_rate": null,
  "stablecoin_total": 262046014051,
  "usdt_supply": 184135173403,
  "usdc_supply": 77910840648,
  "btc_price": 68354,
  "btc_dom": 56.58,
  "total_mcap": 2416949207741.6235,
  "total_volume": 92928289962.46375,
  "fear_greed": 11,
  "fear_greed_label": "Extreme Fear",
  "gork_price": 0.00160245,
  "gork_mcap": 1602348,
  "gork_24h": -5.75788
}