{
  "_updated": "Mar 12, 2026",
  "_note": "Updated daily by Jordan",
  "funding_rate": null,
  "stablecoin_total": 262949799350,
  "usdt_supply": 183970839491,
  "usdc_supply": 78978959859,
  "btc_price": 70364,
  "btc_dom": 56.87,
  "total_mcap": 2478918342281.8726,
  "total_volume": 102882269062.592,
  "fear_greed": 18,
  "fear_greed_label": "Extreme Fear",
  "gork_price": 0.00247776,
  "gork_mcap": 2477605,
  "gork_24h": 76.10152
}