{
  "_updated": "Apr 01, 2026",
  "_note": "Updated daily by Jordan",
  "funding_rate": null,
  "stablecoin_total": 261641767551,
  "usdt_supply": 184135408793,
  "usdc_supply": 77506358758,
  "btc_price": 67306,
  "btc_dom": 56.2,
  "total_mcap": 2395653478437.018,
  "total_volume": 49368004924.16445,
  "fear_greed": 12,
  "fear_greed_label": "Extreme Fear",
  "gork_price": 0.00178948,
  "gork_mcap": 1787493,
  "gork_24h": 2.70972
}