{
  "_updated": "Apr 06, 2026",
  "_note": "Updated daily by Jordan",
  "funding_rate": null,
  "stablecoin_total": 262587112677,
  "usdt_supply": 184140065262,
  "usdc_supply": 78447047415,
  "btc_price": 73108,
  "btc_dom": 57.29,
  "total_mcap": 2553411215700.7583,
  "total_volume": 95738252480.5368,
  "fear_greed": 16,
  "fear_greed_label": "Extreme Fear",
  "gork_price": 0.00157793,
  "gork_mcap": 1577815,
  "gork_24h": 0.39881
}