{
  "_updated": "Apr 06, 2026",
  "_note": "Updated daily by Jordan",
  "funding_rate": null,
  "stablecoin_total": 262013645609,
  "usdt_supply": 184151530776,
  "usdc_supply": 77862114833,
  "btc_price": 69460,
  "btc_dom": 56.66,
  "total_mcap": 2454487380435.967,
  "total_volume": 103273754784.70604,
  "fear_greed": 13,
  "fear_greed_label": "Extreme Fear",
  "gork_price": 0.00162983,
  "gork_mcap": 1632504,
  "gork_24h": -1.67666
}