{
  "_updated": "Apr 06, 2026",
  "_note": "Updated daily by Jordan",
  "funding_rate": null,
  "stablecoin_total": 262989733537,
  "usdt_supply": 184334531134,
  "usdc_supply": 78655202403,
  "btc_price": 72916,
  "btc_dom": 57.26,
  "total_mcap": 2548476371547.4717,
  "total_volume": 79524151679.26729,
  "fear_greed": 15,
  "fear_greed_label": "Extreme Fear",
  "gork_price": 0.00155452,
  "gork_mcap": 1554421,
  "gork_24h": 0.38406
}