{
  "_updated": "Mar 13, 2026",
  "_note": "Updated daily by Jordan",
  "funding_rate": null,
  "stablecoin_total": 263217443456,
  "usdt_supply": 184023699320,
  "usdc_supply": 79193744136,
  "btc_price": 70716,
  "btc_dom": 56.87,
  "total_mcap": 2488089420836.029,
  "total_volume": 112990093513.96347,
  "fear_greed": 16,
  "fear_greed_label": "Extreme Fear",
  "gork_price": 0.0020236,
  "gork_mcap": 2023599,
  "gork_24h": -25.88691
}