{
  "_updated": "Apr 01, 2026",
  "_note": "Updated daily by Jordan",
  "funding_rate": null,
  "stablecoin_total": 261400788701,
  "usdt_supply": 184130357786,
  "usdc_supply": 77270430915,
  "btc_price": 66686,
  "btc_dom": 56.25,
  "total_mcap": 2374418627708.6626,
  "total_volume": 113775979199.79555,
  "fear_greed": 12,
  "fear_greed_label": "Extreme Fear",
  "gork_price": 0.00178482,
  "gork_mcap": 1784706,
  "gork_24h": -2.70785
}