{
  "_updated": "Mar 28, 2026",
  "_note": "Updated daily by Jordan",
  "funding_rate": null,
  "stablecoin_total": 261796753242,
  "usdt_supply": 184076563366,
  "usdc_supply": 77720189876,
  "btc_price": 65970,
  "btc_dom": 55.99,
  "total_mcap": 2354617252114.9014,
  "total_volume": 58349918318.72857,
  "fear_greed": 8,
  "fear_greed_label": "Extreme Fear",
  "gork_price": 0.00184592,
  "gork_mcap": 1845795,
  "gork_24h": -3.42799
}