{
  "_updated": "Apr 15, 2026",
  "_note": "Updated daily by Jordan",
  "funding_rate": null,
  "stablecoin_total": 265144808328,
  "usdt_supply": 186654268243,
  "usdc_supply": 78490540085,
  "btc_price": 75728,
  "btc_dom": 57.42,
  "total_mcap": 2640112501724.959,
  "total_volume": 117142321885.91861,
  "fear_greed": 27,
  "fear_greed_label": "Fear",
  "gork_price": 0.00152725,
  "gork_mcap": 1527152,
  "gork_24h": -4.88434
}