{
  "_updated": "Mar 25, 2026",
  "_note": "Updated daily by Jordan",
  "funding_rate": null,
  "stablecoin_total": 262780128475,
  "usdt_supply": 184128219232,
  "usdc_supply": 78651909243,
  "btc_price": 69976,
  "btc_dom": 56.51,
  "total_mcap": 2482221228522.029,
  "total_volume": 88318591219.2713,
  "fear_greed": 10,
  "fear_greed_label": "Extreme Fear",
  "gork_price": 0.00188632,
  "gork_mcap": 1886202,
  "gork_24h": 6.96706
}