{
  "_updated": "Mar 25, 2026",
  "_note": "Updated daily by Jordan",
  "funding_rate": null,
  "stablecoin_total": 262867452288,
  "usdt_supply": 184183816752,
  "usdc_supply": 78683635536,
  "btc_price": 71653,
  "btc_dom": 56.61,
  "total_mcap": 2529639069738.469,
  "total_volume": 99872931970.73677,
  "fear_greed": 14,
  "fear_greed_label": "Extreme Fear",
  "gork_price": 0.00178413,
  "gork_mcap": 1784023,
  "gork_24h": -2.2096
}