{
  "_updated": "Apr 01, 2026",
  "_note": "Updated daily by Jordan",
  "funding_rate": null,
  "stablecoin_total": 261644936836,
  "usdt_supply": 184127317574,
  "usdc_supply": 77517619262,
  "btc_price": 66899,
  "btc_dom": 56.19,
  "total_mcap": 2386377176332.22,
  "total_volume": 45110938729.481064,
  "fear_greed": 12,
  "fear_greed_label": "Extreme Fear",
  "gork_price": 0.00177949,
  "gork_mcap": 1779382,
  "gork_24h": 2.29213
}