{
  "_updated": "Apr 15, 2026",
  "_note": "Updated daily by Jordan",
  "funding_rate": null,
  "stablecoin_total": 264478732246,
  "usdt_supply": 185771067559,
  "usdc_supply": 78707664687,
  "btc_price": 75152,
  "btc_dom": 56.95,
  "total_mcap": 2639233692568.8374,
  "total_volume": 120402332569.10413,
  "fear_greed": 21,
  "fear_greed_label": "Extreme Fear",
  "gork_price": 0.00141815,
  "gork_mcap": 1418069,
  "gork_24h": 9.89592
}