{
  "_updated": "Apr 12, 2026",
  "_note": "Updated daily by Jordan",
  "funding_rate": null,
  "stablecoin_total": 263041446030,
  "usdt_supply": 184440692598,
  "usdc_supply": 78600753432,
  "btc_price": 70856,
  "btc_dom": 56.88,
  "total_mcap": 2493853248287.498,
  "total_volume": 67193832756.529144,
  "fear_greed": 12,
  "fear_greed_label": "Extreme Fear",
  "gork_price": 0.00159321,
  "gork_mcap": 1592779,
  "gork_24h": -0.25313
}