{
  "_updated": "Apr 01, 2026",
  "_note": "Updated daily by Jordan",
  "funding_rate": null,
  "stablecoin_total": 261691799935,
  "usdt_supply": 184144441590,
  "usdc_supply": 77547358345,
  "btc_price": 66900,
  "btc_dom": 56.14,
  "total_mcap": 2384856010002.181,
  "total_volume": 55658887691.94267,
  "fear_greed": 11,
  "fear_greed_label": "Extreme Fear",
  "gork_price": 0.00173962,
  "gork_mcap": 1737741,
  "gork_24h": -2.8917
}