{
  "_updated": "Apr 15, 2026",
  "_note": "Updated daily by Jordan",
  "funding_rate": null,
  "stablecoin_total": 264394885846,
  "usdt_supply": 185772446071,
  "usdc_supply": 78622439775,
  "btc_price": 74273,
  "btc_dom": 56.98,
  "total_mcap": 2612623980853.2266,
  "total_volume": 117252725548.64613,
  "fear_greed": 23,
  "fear_greed_label": "Extreme Fear",
  "gork_price": 0.00138545,
  "gork_mcap": 1385222,
  "gork_24h": 3.87939
}