{
  "_updated": "Mar 26, 2026",
  "_note": "Updated daily by Jordan",
  "funding_rate": null,
  "stablecoin_total": 261847850369,
  "usdt_supply": 184089762232,
  "usdc_supply": 77758088137,
  "btc_price": 66328,
  "btc_dom": 56.04,
  "total_mcap": 2367908916007.591,
  "total_volume": 107491424593.1143,
  "fear_greed": 12,
  "fear_greed_label": "Extreme Fear",
  "gork_price": 0.00187999,
  "gork_mcap": 1879871,
  "gork_24h": 2.27683
}