{
  "_updated": "Apr 06, 2026",
  "_note": "Updated daily by Jordan",
  "funding_rate": null,
  "stablecoin_total": 263001145686,
  "usdt_supply": 184331139150,
  "usdc_supply": 78670006536,
  "btc_price": 72970,
  "btc_dom": 57.25,
  "total_mcap": 2550466766305.3975,
  "total_volume": 91015778479.96533,
  "fear_greed": 15,
  "fear_greed_label": "Extreme Fear",
  "gork_price": 0.00158213,
  "gork_mcap": 1582035,
  "gork_24h": 0.83242
}