{
  "_updated": "Mar 30, 2026",
  "_note": "Updated daily by Jordan",
  "funding_rate": null,
  "stablecoin_total": 261307831267,
  "usdt_supply": 184159690017,
  "usdc_supply": 77148141250,
  "btc_price": 68681,
  "btc_dom": 56.29,
  "total_mcap": 2442029182408.433,
  "total_volume": 113949925426.26898,
  "fear_greed": 8,
  "fear_greed_label": "Extreme Fear",
  "gork_price": 0.00181114,
  "gork_mcap": 1811023,
  "gork_24h": 3.02357
}