{
  "_updated": "Mar 28, 2026",
  "_note": "Updated daily by Jordan",
  "funding_rate": null,
  "stablecoin_total": 261569461839,
  "usdt_supply": 184067667365,
  "usdc_supply": 77501794474,
  "btc_price": 66753,
  "btc_dom": 55.99,
  "total_mcap": 2387565523885.1587,
  "total_volume": 91144651523.21863,
  "fear_greed": 8,
  "fear_greed_label": "Extreme Fear",
  "gork_price": 0.00177513,
  "gork_mcap": 1777427,
  "gork_24h": -2.62116
}