{
  "_updated": "Apr 15, 2026",
  "_note": "Updated daily by Jordan",
  "funding_rate": null,
  "stablecoin_total": 265143534786,
  "usdt_supply": 186640309100,
  "usdc_supply": 78503225686,
  "btc_price": 75865,
  "btc_dom": 57.36,
  "total_mcap": 2648460592464.4707,
  "total_volume": 124966329928.28523,
  "fear_greed": 26,
  "fear_greed_label": "Fear",
  "gork_price": 0.00152882,
  "gork_mcap": 1528723,
  "gork_24h": -3.98592
}