{
  "_updated": "Mar 30, 2026",
  "_note": "Updated daily by Jordan",
  "funding_rate": null,
  "stablecoin_total": 261516965486,
  "usdt_supply": 184091916812,
  "usdc_supply": 77425048674,
  "btc_price": 66840,
  "btc_dom": 56.02,
  "total_mcap": 2385770106088.187,
  "total_volume": 97406703020.33965,
  "fear_greed": 8,
  "fear_greed_label": "Extreme Fear",
  "gork_price": 0.00177811,
  "gork_mcap": 1777997,
  "gork_24h": -3.51144
}