{
  "_updated": "Apr 06, 2026",
  "_note": "Updated daily by Jordan",
  "funding_rate": null,
  "stablecoin_total": 261989409680,
  "usdt_supply": 184136124706,
  "usdc_supply": 77853284974,
  "btc_price": 68619,
  "btc_dom": 56.61,
  "total_mcap": 2426449095724.2524,
  "total_volume": 93757520574.14156,
  "fear_greed": 11,
  "fear_greed_label": "Extreme Fear",
  "gork_price": 0.00160065,
  "gork_mcap": 1600537,
  "gork_24h": -4.80896
}