{
  "_updated": "Mar 30, 2026",
  "_note": "Updated daily by Jordan",
  "funding_rate": null,
  "stablecoin_total": 261270128235,
  "usdt_supply": 184049563090,
  "usdc_supply": 77220565145,
  "btc_price": 67395,
  "btc_dom": 56.16,
  "total_mcap": 2406836794863.9775,
  "total_volume": 117287976332.24394,
  "fear_greed": 11,
  "fear_greed_label": "Extreme Fear",
  "gork_price": 0.00188397,
  "gork_mcap": 1883848,
  "gork_24h": 6.13142
}