{
  "_updated": "Apr 12, 2026",
  "_note": "Updated daily by Jordan",
  "funding_rate": null,
  "stablecoin_total": 263047230884,
  "usdt_supply": 184462637357,
  "usdc_supply": 78584593527,
  "btc_price": 70757,
  "btc_dom": 56.88,
  "total_mcap": 2489771083327.839,
  "total_volume": 74869356655.3518,
  "fear_greed": 12,
  "fear_greed_label": "Extreme Fear",
  "gork_price": 0.00159165,
  "gork_mcap": 1591551,
  "gork_24h": -3.54133
}