{
  "_updated": "Mar 28, 2026",
  "_note": "Updated daily by Jordan",
  "funding_rate": null,
  "stablecoin_total": 261638977730,
  "usdt_supply": 184050568431,
  "usdc_supply": 77588409299,
  "btc_price": 67462,
  "btc_dom": 56.11,
  "total_mcap": 2405644493886.1914,
  "total_volume": 69931564040.843,
  "fear_greed": 8,
  "fear_greed_label": "Extreme Fear",
  "gork_price": 0.00191824,
  "gork_mcap": 1918117,
  "gork_24h": 2.90248
}