{
  "_updated": "Mar 28, 2026",
  "_note": "Updated daily by Jordan",
  "funding_rate": null,
  "stablecoin_total": 261831252708,
  "usdt_supply": 184082179209,
  "usdc_supply": 77749073499,
  "btc_price": 66321,
  "btc_dom": 55.98,
  "total_mcap": 2369840249057.547,
  "total_volume": 58284480253.96617,
  "fear_greed": 9,
  "fear_greed_label": "Extreme Fear",
  "gork_price": 0.00191145,
  "gork_mcap": 1911328,
  "gork_24h": 1.67335
}