{
  "_updated": "Apr 06, 2026",
  "_note": "Updated daily by Jordan",
  "funding_rate": null,
  "stablecoin_total": 263056301152,
  "usdt_supply": 184423182989,
  "usdc_supply": 78633118163,
  "btc_price": 71742,
  "btc_dom": 57.1,
  "total_mcap": 2514637674740.1553,
  "total_volume": 72043805011.47128,
  "fear_greed": 16,
  "fear_greed_label": "Extreme Fear",
  "gork_price": 0.00159725,
  "gork_mcap": 1597168,
  "gork_24h": 2.88827
}