{
  "_updated": "Apr 15, 2026",
  "_note": "Updated daily by Jordan",
  "funding_rate": null,
  "stablecoin_total": 265144146026,
  "usdt_supply": 186662957674,
  "usdc_supply": 78481188352,
  "btc_price": 75570,
  "btc_dom": 57.51,
  "total_mcap": 2630335135935.3423,
  "total_volume": 98038945813.36482,
  "fear_greed": 27,
  "fear_greed_label": "Fear",
  "gork_price": 0.00149279,
  "gork_mcap": 1492700,
  "gork_24h": -6.3884
}