{
  "_updated": "Apr 01, 2026",
  "_note": "Updated daily by Jordan",
  "funding_rate": null,
  "stablecoin_total": 261663661519,
  "usdt_supply": 184135633780,
  "usdc_supply": 77528027739,
  "btc_price": 67118,
  "btc_dom": 56.22,
  "total_mcap": 2388812072031.1025,
  "total_volume": 51210992628.21168,
  "fear_greed": 11,
  "fear_greed_label": "Extreme Fear",
  "gork_price": 0.0017324,
  "gork_mcap": 1732288,
  "gork_24h": -4.956
}