{
  "_updated": "Mar 16, 2026",
  "_note": "Updated daily by Jordan",
  "funding_rate": null,
  "stablecoin_total": 263415611873,
  "usdt_supply": 184064790921,
  "usdc_supply": 79350820952,
  "btc_price": 74044,
  "btc_dom": 56.74,
  "total_mcap": 2611322977530.1997,
  "total_volume": 143344035884.68655,
  "fear_greed": 28,
  "fear_greed_label": "Fear",
  "gork_price": 0.00224201,
  "gork_mcap": 2232189,
  "gork_24h": -4.79166
}