{
  "_updated": "Apr 12, 2026",
  "_note": "Updated daily by Jordan",
  "funding_rate": null,
  "stablecoin_total": 263230362919,
  "usdt_supply": 184490275541,
  "usdc_supply": 78740087378,
  "btc_price": 72162,
  "btc_dom": 57.1,
  "total_mcap": 2529132509937.3174,
  "total_volume": 93550371095.49869,
  "fear_greed": 12,
  "fear_greed_label": "Extreme Fear",
  "gork_price": 0.00157601,
  "gork_mcap": 1579245,
  "gork_24h": -1.87504
}