{
  "_updated": "Mar 26, 2026",
  "_note": "Updated daily by Jordan",
  "funding_rate": null,
  "stablecoin_total": 262142843308,
  "usdt_supply": 184114447392,
  "usdc_supply": 78028395916,
  "btc_price": 66666,
  "btc_dom": 56.15,
  "total_mcap": 2374955757539.0166,
  "total_volume": 108353282704.22607,
  "fear_greed": 13,
  "fear_greed_label": "Extreme Fear",
  "gork_price": 0.00177596,
  "gork_mcap": 1779183,
  "gork_24h": -5.00338
}