{
  "_updated": "Mar 26, 2026",
  "_note": "Updated daily by Jordan",
  "funding_rate": null,
  "stablecoin_total": 262141963018,
  "usdt_supply": 184096712522,
  "usdc_supply": 78045250496,
  "btc_price": 68585,
  "btc_dom": 56.39,
  "total_mcap": 2432823004513.924,
  "total_volume": 105489949584.0838,
  "fear_greed": 13,
  "fear_greed_label": "Extreme Fear",
  "gork_price": 0.00184609,
  "gork_mcap": 1845980,
  "gork_24h": -2.10779
}