{
  "_updated": "Apr 01, 2026",
  "_note": "Updated daily by Jordan",
  "funding_rate": null,
  "stablecoin_total": 261284799111,
  "usdt_supply": 184142977536,
  "usdc_supply": 77141821575,
  "btc_price": 68089,
  "btc_dom": 56.17,
  "total_mcap": 2425763933916.135,
  "total_volume": 105690826613.09473,
  "fear_greed": 12,
  "fear_greed_label": "Extreme Fear",
  "gork_price": 0.00178429,
  "gork_mcap": 1791115,
  "gork_24h": -4.63276
}