{
  "_updated": "Apr 15, 2026",
  "_note": "Updated daily by Jordan",
  "funding_rate": null,
  "stablecoin_total": 264407852928,
  "usdt_supply": 185748084918,
  "usdc_supply": 78659768010,
  "btc_price": 74560,
  "btc_dom": 57.14,
  "total_mcap": 2609679105426.975,
  "total_volume": 103920798641.6061,
  "fear_greed": 23,
  "fear_greed_label": "Extreme Fear",
  "gork_price": 0.00124493,
  "gork_mcap": 1243343,
  "gork_24h": -5.02803
}