{
  "_updated": "Apr 06, 2026",
  "_note": "Updated daily by Jordan",
  "funding_rate": null,
  "stablecoin_total": 262001813364,
  "usdt_supply": 184140829838,
  "usdc_supply": 77860983526,
  "btc_price": 68863,
  "btc_dom": 56.64,
  "total_mcap": 2433380953797.1753,
  "total_volume": 102178100421.64378,
  "fear_greed": 11,
  "fear_greed_label": "Extreme Fear",
  "gork_price": 0.00160337,
  "gork_mcap": 1603255,
  "gork_24h": -5.52686
}