{
  "_updated": "Mar 30, 2026",
  "_note": "Updated daily by Jordan",
  "funding_rate": null,
  "stablecoin_total": 261422923962,
  "usdt_supply": 184065148617,
  "usdc_supply": 77357775345,
  "btc_price": 67614,
  "btc_dom": 56.25,
  "total_mcap": 2407200609807.242,
  "total_volume": 91801313182.00421,
  "fear_greed": 11,
  "fear_greed_label": "Extreme Fear",
  "gork_price": 0.00176631,
  "gork_mcap": 1766203,
  "gork_24h": -7.60095
}