{
  "_updated": "Apr 06, 2026",
  "_note": "Updated daily by Jordan",
  "funding_rate": null,
  "stablecoin_total": 262353297211,
  "usdt_supply": 184114355688,
  "usdc_supply": 78238941523,
  "btc_price": 71117,
  "btc_dom": 56.98,
  "total_mcap": 2497787365085.974,
  "total_volume": 103225724984.44939,
  "fear_greed": 14,
  "fear_greed_label": "Extreme Fear",
  "gork_price": 0.0016646,
  "gork_mcap": 1664474,
  "gork_24h": -3.68256
}