{
  "_updated": "Apr 13, 2026",
  "_note": "Updated daily by Jordan",
  "funding_rate": null,
  "stablecoin_total": 263478293363,
  "usdt_supply": 184722180249,
  "usdc_supply": 78756113114,
  "btc_price": 74194,
  "btc_dom": 57.2,
  "total_mcap": 2596201660726.8496,
  "total_volume": 122413067166.56561,
  "fear_greed": 21,
  "fear_greed_label": "Extreme Fear",
  "gork_price": 0.00157875,
  "gork_mcap": 1578784,
  "gork_24h": -0.92334
}