{
  "_updated": "Apr 01, 2026",
  "_note": "Updated daily by Jordan",
  "funding_rate": null,
  "stablecoin_total": 261340971839,
  "usdt_supply": 184148104381,
  "usdc_supply": 77192867458,
  "btc_price": 66995,
  "btc_dom": 56.13,
  "total_mcap": 2389147219837.236,
  "total_volume": 82974561459.38875,
  "fear_greed": 9,
  "fear_greed_label": "Extreme Fear",
  "gork_price": 0.00182182,
  "gork_mcap": 1821707,
  "gork_24h": 2.38011
}