{
  "_updated": "Apr 12, 2026",
  "_note": "Updated daily by Jordan",
  "funding_rate": null,
  "stablecoin_total": 263055032403,
  "usdt_supply": 184441106529,
  "usdc_supply": 78613925874,
  "btc_price": 70942,
  "btc_dom": 56.89,
  "total_mcap": 2496197043104.3853,
  "total_volume": 71737260694.00482,
  "fear_greed": 12,
  "fear_greed_label": "Extreme Fear",
  "gork_price": 0.00156492,
  "gork_mcap": 1564834,
  "gork_24h": -2.26301
}