{
  "_updated": "Apr 01, 2026",
  "_note": "Updated daily by Jordan",
  "funding_rate": null,
  "stablecoin_total": 261755931088,
  "usdt_supply": 184137888621,
  "usdc_supply": 77618042467,
  "btc_price": 69597,
  "btc_dom": 56.58,
  "total_mcap": 2464109990101.629,
  "total_volume": 84351414279.36464,
  "fear_greed": 13,
  "fear_greed_label": "Extreme Fear",
  "gork_price": 0.00170035,
  "gork_mcap": 1700470,
  "gork_24h": -1.02683
}