{
  "_updated": "Apr 06, 2026",
  "_note": "Updated daily by Jordan",
  "funding_rate": null,
  "stablecoin_total": 262968125901,
  "usdt_supply": 184324718894,
  "usdc_supply": 78643407007,
  "btc_price": 73092,
  "btc_dom": 57.25,
  "total_mcap": 2556737497070.5664,
  "total_volume": 62016785037.43912,
  "fear_greed": 15,
  "fear_greed_label": "Extreme Fear",
  "gork_price": 0.00165642,
  "gork_mcap": 1673436,
  "gork_24h": 4.97402
}