{
  "_updated": "Apr 15, 2026",
  "_note": "Updated daily by Jordan",
  "funding_rate": null,
  "stablecoin_total": 265470131354,
  "usdt_supply": 187262630187,
  "usdc_supply": 78207501167,
  "btc_price": 75180,
  "btc_dom": 57.5,
  "total_mcap": 2617849203330.813,
  "total_volume": 102671137730.95337,
  "fear_greed": 29,
  "fear_greed_label": "Fear",
  "gork_price": 0.0016517,
  "gork_mcap": 1651596,
  "gork_24h": 4.59045
}