{
  "_updated": "Apr 01, 2026",
  "_note": "Updated daily by Jordan",
  "funding_rate": null,
  "stablecoin_total": 261603060166,
  "usdt_supply": 184086987944,
  "usdc_supply": 77516072222,
  "btc_price": 68985,
  "btc_dom": 56.58,
  "total_mcap": 2438002265326.884,
  "total_volume": 59484199709.95872,
  "fear_greed": 13,
  "fear_greed_label": "Extreme Fear",
  "gork_price": 0.00169717,
  "gork_mcap": 1697063,
  "gork_24h": -5.1586
}