{
  "_updated": "Mar 17, 2026",
  "_note": "Updated daily by Jordan",
  "funding_rate": null,
  "stablecoin_total": 263695735476,
  "usdt_supply": 184113462724,
  "usdc_supply": 79582272752,
  "btc_price": 72954,
  "btc_dom": 56.67,
  "total_mcap": 2579082449009.085,
  "total_volume": 94698146728.79402,
  "fear_greed": 26,
  "fear_greed_label": "Fear",
  "gork_price": 0.00224629,
  "gork_mcap": 2246147,
  "gork_24h": 0.19095
}