{
  "_updated": "Apr 15, 2026",
  "_note": "Updated daily by Jordan",
  "funding_rate": null,
  "stablecoin_total": 264462397474,
  "usdt_supply": 185866353474,
  "usdc_supply": 78596044000,
  "btc_price": 77499,
  "btc_dom": 57.35,
  "total_mcap": 2708093547771.562,
  "total_volume": 143825713421.80417,
  "fear_greed": 21,
  "fear_greed_label": "Extreme Fear",
  "gork_price": 0.00159228,
  "gork_mcap": 1594764,
  "gork_24h": 14.80875
}