{
  "_updated": "Apr 06, 2026",
  "_note": "Updated daily by Jordan",
  "funding_rate": null,
  "stablecoin_total": 262013835988,
  "usdt_supply": 184123524617,
  "usdc_supply": 77890311371,
  "btc_price": 71716,
  "btc_dom": 56.8,
  "total_mcap": 2527276047477.929,
  "total_volume": 124885489016.46327,
  "fear_greed": 17,
  "fear_greed_label": "Extreme Fear",
  "gork_price": 0.00170067,
  "gork_mcap": 1700654,
  "gork_24h": 6.24873
}