{
  "_updated": "Apr 06, 2026",
  "_note": "Updated daily by Jordan",
  "funding_rate": null,
  "stablecoin_total": 262377868479,
  "usdt_supply": 184089734308,
  "usdc_supply": 78288134171,
  "btc_price": 71154,
  "btc_dom": 57.06,
  "total_mcap": 2496320965693.3486,
  "total_volume": 89722233162.92015,
  "fear_greed": 14,
  "fear_greed_label": "Extreme Fear",
  "gork_price": 0.00165017,
  "gork_mcap": 1650060,
  "gork_24h": -2.04321
}