{
  "_updated": "Apr 15, 2026",
  "_note": "Updated daily by Jordan",
  "funding_rate": null,
  "stablecoin_total": 265181241322,
  "usdt_supply": 186659212968,
  "usdc_supply": 78522028354,
  "btc_price": 77153,
  "btc_dom": 57.3,
  "total_mcap": 2695329411460.344,
  "total_volume": 149948511464.30032,
  "fear_greed": 26,
  "fear_greed_label": "Fear",
  "gork_price": 0.00159467,
  "gork_mcap": 1594515,
  "gork_24h": 16.4306
}