{
  "_updated": "Mar 30, 2026",
  "_note": "Updated daily by Jordan",
  "funding_rate": null,
  "stablecoin_total": 261204232382,
  "usdt_supply": 184068262428,
  "usdc_supply": 77135969954,
  "btc_price": 68402,
  "btc_dom": 56.26,
  "total_mcap": 2434484819566.145,
  "total_volume": 116490065583.09341,
  "fear_greed": 8,
  "fear_greed_label": "Extreme Fear",
  "gork_price": 0.00187744,
  "gork_mcap": 1877319,
  "gork_24h": 6.07646
}