{
  "_updated": "Apr 01, 2026",
  "_note": "Updated daily by Jordan",
  "funding_rate": null,
  "stablecoin_total": 261670561430,
  "usdt_supply": 184148977754,
  "usdc_supply": 77521583676,
  "btc_price": 67338,
  "btc_dom": 56.23,
  "total_mcap": 2395778441130.8867,
  "total_volume": 49858432767.221275,
  "fear_greed": 11,
  "fear_greed_label": "Extreme Fear",
  "gork_price": 0.00175522,
  "gork_mcap": 1755122,
  "gork_24h": -3.31766
}