{
  "_updated": "Apr 15, 2026",
  "_note": "Updated daily by Jordan",
  "funding_rate": null,
  "stablecoin_total": 265464890837,
  "usdt_supply": 187119653103,
  "usdc_supply": 78345237734,
  "btc_price": 74800,
  "btc_dom": 57.42,
  "total_mcap": 2609824447939.9673,
  "total_volume": 115449674614.70114,
  "fear_greed": 27,
  "fear_greed_label": "Fear",
  "gork_price": 0.00156136,
  "gork_mcap": 1561538,
  "gork_24h": 2.12829
}