{
  "_updated": "Apr 15, 2026",
  "_note": "Updated daily by Jordan",
  "funding_rate": null,
  "stablecoin_total": 264134432920,
  "usdt_supply": 185490407104,
  "usdc_supply": 78644025816,
  "btc_price": 74205,
  "btc_dom": 57.31,
  "total_mcap": 2588391455919.872,
  "total_volume": 118418145077.36938,
  "fear_greed": 23,
  "fear_greed_label": "Extreme Fear",
  "gork_price": 0.0013049,
  "gork_mcap": 1304817,
  "gork_24h": -19.12191
}