{
  "_updated": "Apr 06, 2026",
  "_note": "Updated daily by Jordan",
  "funding_rate": null,
  "stablecoin_total": 261919558321,
  "usdt_supply": 184118034615,
  "usdc_supply": 77801523706,
  "btc_price": 71978,
  "btc_dom": 56.87,
  "total_mcap": 2531262966084.2363,
  "total_volume": 123012201187.72903,
  "fear_greed": 17,
  "fear_greed_label": "Extreme Fear",
  "gork_price": 0.00172848,
  "gork_mcap": 1728370,
  "gork_24h": 7.61408
}