{
  "_updated": "Apr 15, 2026",
  "_note": "Updated daily by Jordan",
  "funding_rate": null,
  "stablecoin_total": 265468029440,
  "usdt_supply": 187271400758,
  "usdc_supply": 78196628682,
  "btc_price": 75921,
  "btc_dom": 57.61,
  "total_mcap": 2634065466580.2256,
  "total_volume": 111426508102.12083,
  "fear_greed": 29,
  "fear_greed_label": "Fear",
  "gork_price": 0.00166494,
  "gork_mcap": 1671410,
  "gork_24h": 6.63454
}