{
  "_updated": "Mar 23, 2026",
  "_note": "Updated daily by Jordan",
  "funding_rate": null,
  "stablecoin_total": 262810240836,
  "usdt_supply": 184119324359,
  "usdc_supply": 78690916477,
  "btc_price": 71110,
  "btc_dom": 56.7,
  "total_mcap": 2513622591202.5913,
  "total_volume": 106196295555.09355,
  "fear_greed": 11,
  "fear_greed_label": "Extreme Fear",
  "gork_price": 0.00182974,
  "gork_mcap": 1829630,
  "gork_24h": -1.22148
}