{
  "_updated": "Apr 01, 2026",
  "_note": "Updated daily by Jordan",
  "funding_rate": null,
  "stablecoin_total": 261312030545,
  "usdt_supply": 184134155873,
  "usdc_supply": 77177874672,
  "btc_price": 66602,
  "btc_dom": 56.12,
  "total_mcap": 2374612397594.4697,
  "total_volume": 113962543257.3027,
  "fear_greed": 12,
  "fear_greed_label": "Extreme Fear",
  "gork_price": 0.00174022,
  "gork_mcap": 1740063,
  "gork_24h": -7.30374
}