{
  "_updated": "Apr 01, 2026",
  "_note": "Updated daily by Jordan",
  "funding_rate": null,
  "stablecoin_total": 261342425662,
  "usdt_supply": 184156852551,
  "usdc_supply": 77185573111,
  "btc_price": 66565,
  "btc_dom": 56.03,
  "total_mcap": 2377654888867.806,
  "total_volume": 90566485158.00043,
  "fear_greed": 9,
  "fear_greed_label": "Extreme Fear",
  "gork_price": 0.00179142,
  "gork_mcap": 1791311,
  "gork_24h": 2.94229
}