{
  "_updated": "Apr 06, 2026",
  "_note": "Updated daily by Jordan",
  "funding_rate": null,
  "stablecoin_total": 262987486679,
  "usdt_supply": 184343818122,
  "usdc_supply": 78643668557,
  "btc_price": 72750,
  "btc_dom": 57.26,
  "total_mcap": 2544580227370.546,
  "total_volume": 86123436585.83714,
  "fear_greed": 15,
  "fear_greed_label": "Extreme Fear",
  "gork_price": 0.00155241,
  "gork_mcap": 1552315,
  "gork_24h": 0.48993
}