{
  "_updated": "Apr 06, 2026",
  "_note": "Updated daily by Jordan",
  "funding_rate": null,
  "stablecoin_total": 262487069579,
  "usdt_supply": 184113962256,
  "usdc_supply": 78373107323,
  "btc_price": 71771,
  "btc_dom": 57.1,
  "total_mcap": 2515303291255.948,
  "total_volume": 94031914039.4368,
  "fear_greed": 16,
  "fear_greed_label": "Extreme Fear",
  "gork_price": 0.00156907,
  "gork_mcap": 1569005,
  "gork_24h": -5.73865
}