{
  "_updated": "Apr 15, 2026",
  "_note": "Updated daily by Jordan",
  "funding_rate": null,
  "stablecoin_total": 264090425677,
  "usdt_supply": 185508700610,
  "usdc_supply": 78581725067,
  "btc_price": 74811,
  "btc_dom": 57.28,
  "total_mcap": 2612983564203.654,
  "total_volume": 97945343657.41429,
  "fear_greed": 23,
  "fear_greed_label": "Extreme Fear",
  "gork_price": 0.00129518,
  "gork_mcap": 1292133,
  "gork_24h": -5.22581
}