{
  "_updated": "Apr 06, 2026",
  "_note": "Updated daily by Jordan",
  "funding_rate": null,
  "stablecoin_total": 262532915961,
  "usdt_supply": 184119457042,
  "usdc_supply": 78413458919,
  "btc_price": 72120,
  "btc_dom": 57.16,
  "total_mcap": 2529174580105.39,
  "total_volume": 96214073221.34386,
  "fear_greed": 16,
  "fear_greed_label": "Extreme Fear",
  "gork_price": 0.00155076,
  "gork_mcap": 1550697,
  "gork_24h": -6.02458
}