{
  "_updated": "Apr 06, 2026",
  "_note": "Updated daily by Jordan",
  "funding_rate": null,
  "stablecoin_total": 262367948270,
  "usdt_supply": 184128469048,
  "usdc_supply": 78239479222,
  "btc_price": 72337,
  "btc_dom": 57.14,
  "total_mcap": 2536518219350.867,
  "total_volume": 87618010102.81732,
  "fear_greed": 14,
  "fear_greed_label": "Extreme Fear",
  "gork_price": 0.00157166,
  "gork_mcap": 1571564,
  "gork_24h": -7.2122
}