{
  "_updated": "Apr 01, 2026",
  "_note": "Updated daily by Jordan",
  "funding_rate": null,
  "stablecoin_total": 261604212823,
  "usdt_supply": 184100741823,
  "usdc_supply": 77503471000,
  "btc_price": 67332,
  "btc_dom": 56.32,
  "total_mcap": 2391541962275.3438,
  "total_volume": 51104629433.99909,
  "fear_greed": 12,
  "fear_greed_label": "Extreme Fear",
  "gork_price": 0.00171403,
  "gork_mcap": 1711222,
  "gork_24h": -2.34663
}