{
  "_updated": "Apr 15, 2026",
  "_note": "Updated daily by Jordan",
  "funding_rate": null,
  "stablecoin_total": 264551919826,
  "usdt_supply": 185829213441,
  "usdc_supply": 78722706385,
  "btc_price": 75592,
  "btc_dom": 57.14,
  "total_mcap": 2647616675805.3726,
  "total_volume": 120944249779.19742,
  "fear_greed": 21,
  "fear_greed_label": "Extreme Fear",
  "gork_price": 0.00139566,
  "gork_mcap": 1393693,
  "gork_24h": 12.10682
}