{
  "_updated": "Apr 06, 2026",
  "_note": "Updated daily by Jordan",
  "funding_rate": null,
  "stablecoin_total": 262505290777,
  "usdt_supply": 184108228100,
  "usdc_supply": 78397062677,
  "btc_price": 72113,
  "btc_dom": 57.2,
  "total_mcap": 2525801276091.207,
  "total_volume": 95384129775.17148,
  "fear_greed": 16,
  "fear_greed_label": "Extreme Fear",
  "gork_price": 0.00154481,
  "gork_mcap": 1547001,
  "gork_24h": -6.21856
}