{
  "_updated": "Mar 30, 2026",
  "_note": "Updated daily by Jordan",
  "funding_rate": null,
  "stablecoin_total": 261202143899,
  "usdt_supply": 184055804760,
  "usdc_supply": 77146339139,
  "btc_price": 68231,
  "btc_dom": 56.3,
  "total_mcap": 2425606171692.737,
  "total_volume": 115696106605.28629,
  "fear_greed": 8,
  "fear_greed_label": "Extreme Fear",
  "gork_price": 0.00187097,
  "gork_mcap": 1870854,
  "gork_24h": 5.9745
}