{
  "_updated": "Mar 15, 2026",
  "_note": "Updated daily by Jordan",
  "funding_rate": null,
  "stablecoin_total": 263244554553,
  "usdt_supply": 184029585372,
  "usdc_supply": 79214969181,
  "btc_price": 73582,
  "btc_dom": 56.79,
  "total_mcap": 2590764975979.856,
  "total_volume": 116201806971.48476,
  "fear_greed": 23,
  "fear_greed_label": "Extreme Fear",
  "gork_price": 0.00235735,
  "gork_mcap": 2354696,
  "gork_24h": -3.01269
}