{
  "_updated": "Apr 01, 2026",
  "_note": "Updated daily by Jordan",
  "funding_rate": null,
  "stablecoin_total": 261602916059,
  "usdt_supply": 184095255791,
  "usdc_supply": 77507660268,
  "btc_price": 69171,
  "btc_dom": 56.54,
  "total_mcap": 2447965969549.5776,
  "total_volume": 69581017579.3187,
  "fear_greed": 13,
  "fear_greed_label": "Extreme Fear",
  "gork_price": 0.00168151,
  "gork_mcap": 1681406,
  "gork_24h": -5.50619
}