{
  "_updated": "Apr 01, 2026",
  "_note": "Updated daily by Jordan",
  "funding_rate": null,
  "stablecoin_total": 261512347971,
  "usdt_supply": 184146713555,
  "usdc_supply": 77365634416,
  "btc_price": 66854,
  "btc_dom": 56.12,
  "total_mcap": 2383052548212.3306,
  "total_volume": 68886305552.83228,
  "fear_greed": 9,
  "fear_greed_label": "Extreme Fear",
  "gork_price": 0.00181544,
  "gork_mcap": 1812544,
  "gork_24h": 1.71997
}