{
  "_updated": "Apr 06, 2026",
  "_note": "Updated daily by Jordan",
  "funding_rate": null,
  "stablecoin_total": 262055851074,
  "usdt_supply": 184137487107,
  "usdc_supply": 77918363967,
  "btc_price": 71678,
  "btc_dom": 56.81,
  "total_mcap": 2526115092798.245,
  "total_volume": 123615791804.8899,
  "fear_greed": 17,
  "fear_greed_label": "Extreme Fear",
  "gork_price": 0.00168459,
  "gork_mcap": 1684480,
  "gork_24h": 5.07144
}