{
  "_updated": "Apr 12, 2026",
  "_note": "Updated daily by Jordan",
  "funding_rate": null,
  "stablecoin_total": 264280265022,
  "usdt_supply": 185545387133,
  "usdc_supply": 78734877889,
  "btc_price": 74186,
  "btc_dom": 57.32,
  "total_mcap": 2591053836176.351,
  "total_volume": 132201671592.60118,
  "fear_greed": 23,
  "fear_greed_label": "Extreme Fear",
  "gork_price": 0.00136659,
  "gork_mcap": 1366138,
  "gork_24h": -15.38818
}