{
  "_updated": "Mar 28, 2026",
  "_note": "Updated daily by Jordan",
  "funding_rate": null,
  "stablecoin_total": 261813341706,
  "usdt_supply": 184077238146,
  "usdc_supply": 77736103560,
  "btc_price": 66741,
  "btc_dom": 56.07,
  "total_mcap": 2377701445863.9355,
  "total_volume": 57669937348.26696,
  "fear_greed": 9,
  "fear_greed_label": "Extreme Fear",
  "gork_price": 0.00186413,
  "gork_mcap": 1863266,
  "gork_24h": -0.25198
}