{
  "_updated": "Apr 15, 2026",
  "_note": "Updated daily by Jordan",
  "funding_rate": null,
  "stablecoin_total": 265484224301,
  "usdt_supply": 187264041835,
  "usdc_supply": 78220182466,
  "btc_price": 74278,
  "btc_dom": 57.41,
  "total_mcap": 2591033629344.2007,
  "total_volume": 107388937107.2741,
  "fear_greed": 29,
  "fear_greed_label": "Fear",
  "gork_price": 0.00158445,
  "gork_mcap": 1584392,
  "gork_24h": 6.14012
}