{
  "_updated": "Mar 14, 2026",
  "_note": "Updated daily by Jordan",
  "funding_rate": null,
  "stablecoin_total": 263221444022,
  "usdt_supply": 184049217905,
  "usdc_supply": 79172226117,
  "btc_price": 71849,
  "btc_dom": 56.98,
  "total_mcap": 2522752260018.077,
  "total_volume": 55077410989.60032,
  "fear_greed": 15,
  "fear_greed_label": "Extreme Fear",
  "gork_price": 0.00243057,
  "gork_mcap": 2442300,
  "gork_24h": 20.11119
}