{
  "_updated": "Apr 12, 2026",
  "_note": "Updated daily by Jordan",
  "funding_rate": null,
  "stablecoin_total": 264245882709,
  "usdt_supply": 185530148480,
  "usdc_supply": 78715734229,
  "btc_price": 74049,
  "btc_dom": 57.29,
  "total_mcap": 2584127908106.163,
  "total_volume": 125765220096.44058,
  "fear_greed": 23,
  "fear_greed_label": "Extreme Fear",
  "gork_price": 0.00123164,
  "gork_mcap": 1231564,
  "gork_24h": -22.97369
}