{
  "_updated": "Apr 06, 2026",
  "_note": "Updated daily by Jordan",
  "funding_rate": null,
  "stablecoin_total": 262430626907,
  "usdt_supply": 184114695385,
  "usdc_supply": 78315931522,
  "btc_price": 71892,
  "btc_dom": 56.98,
  "total_mcap": 2525411244216.2324,
  "total_volume": 129270601750.58414,
  "fear_greed": 17,
  "fear_greed_label": "Extreme Fear",
  "gork_price": 0.00169381,
  "gork_mcap": 1696682,
  "gork_24h": 4.97167
}