{
  "_updated": "Apr 01, 2026",
  "_note": "Updated daily by Jordan",
  "funding_rate": null,
  "stablecoin_total": 261349286797,
  "usdt_supply": 184157803214,
  "usdc_supply": 77191483583,
  "btc_price": 66892,
  "btc_dom": 55.95,
  "total_mcap": 2392392105337.664,
  "total_volume": 105884663329.81075,
  "fear_greed": 9,
  "fear_greed_label": "Extreme Fear",
  "gork_price": 0.00178817,
  "gork_mcap": 1788096,
  "gork_24h": 0.21503
}