{
  "_updated": "Mar 28, 2026",
  "_note": "Updated daily by Jordan",
  "funding_rate": null,
  "stablecoin_total": 261688051529,
  "usdt_supply": 184057297291,
  "usdc_supply": 77630754238,
  "btc_price": 67590,
  "btc_dom": 56.09,
  "total_mcap": 2414182709482.818,
  "total_volume": 77842200980.62427,
  "fear_greed": 8,
  "fear_greed_label": "Extreme Fear",
  "gork_price": 0.00171982,
  "gork_mcap": 1718440,
  "gork_24h": -7.43442
}