{
  "_updated": "Apr 15, 2026",
  "_note": "Updated daily by Jordan",
  "funding_rate": null,
  "stablecoin_total": 263796750180,
  "usdt_supply": 185490540078,
  "usdc_supply": 78306210102,
  "btc_price": 74113,
  "btc_dom": 57.12,
  "total_mcap": 2594350423352.383,
  "total_volume": 98938564842.82323,
  "fear_greed": 23,
  "fear_greed_label": "Extreme Fear",
  "gork_price": 0.00133371,
  "gork_mcap": 1333584,
  "gork_24h": -15.34081
}