{
  "_updated": "Apr 12, 2026",
  "_note": "Updated daily by Jordan",
  "funding_rate": null,
  "stablecoin_total": 263495731643,
  "usdt_supply": 184729545749,
  "usdc_supply": 78766185894,
  "btc_price": 74209,
  "btc_dom": 57.24,
  "total_mcap": 2595149065070.212,
  "total_volume": 125822996565.16597,
  "fear_greed": 21,
  "fear_greed_label": "Extreme Fear",
  "gork_price": 0.00160166,
  "gork_mcap": 1601567,
  "gork_24h": 0.53026
}