{
  "_updated": "Mar 28, 2026",
  "_note": "Updated daily by Jordan",
  "funding_rate": null,
  "stablecoin_total": 261850534309,
  "usdt_supply": 184091304874,
  "usdc_supply": 77759229435,
  "btc_price": 66411,
  "btc_dom": 55.97,
  "total_mcap": 2373676854250.1724,
  "total_volume": 101105313076.47284,
  "fear_greed": 12,
  "fear_greed_label": "Extreme Fear",
  "gork_price": 0.00187801,
  "gork_mcap": 1877812,
  "gork_24h": 2.03415
}