{
  "_updated": "Mar 30, 2026",
  "_note": "Updated daily by Jordan",
  "funding_rate": null,
  "stablecoin_total": 261504136238,
  "usdt_supply": 184071280443,
  "usdc_supply": 77432855795,
  "btc_price": 66594,
  "btc_dom": 56.09,
  "total_mcap": 2374411710194.3477,
  "total_volume": 90223347936.92752,
  "fear_greed": 11,
  "fear_greed_label": "Extreme Fear",
  "gork_price": 0.00176185,
  "gork_mcap": 1761797,
  "gork_24h": -4.36923
}