{
  "_updated": "Apr 01, 2026",
  "_note": "Updated daily by Jordan",
  "funding_rate": null,
  "stablecoin_total": 261624716787,
  "usdt_supply": 184118082575,
  "usdc_supply": 77506634212,
  "btc_price": 66983,
  "btc_dom": 56.25,
  "total_mcap": 2383179062641.571,
  "total_volume": 47870551144.35942,
  "fear_greed": 12,
  "fear_greed_label": "Extreme Fear",
  "gork_price": 0.00171891,
  "gork_mcap": 1717886,
  "gork_24h": -0.77831
}