{
  "_updated": "Mar 26, 2026",
  "_note": "Updated daily by Jordan",
  "funding_rate": null,
  "stablecoin_total": 262060481340,
  "usdt_supply": 184086271283,
  "usdc_supply": 77974210057,
  "btc_price": 65604,
  "btc_dom": 55.88,
  "total_mcap": 2348136987128.1865,
  "total_volume": 117064981508.55923,
  "fear_greed": 13,
  "fear_greed_label": "Extreme Fear",
  "gork_price": 0.00179121,
  "gork_mcap": 1791616,
  "gork_24h": -2.89344
}