{
  "_updated": "Mar 26, 2026",
  "_note": "Updated daily by Jordan",
  "funding_rate": null,
  "stablecoin_total": 262251271700,
  "usdt_supply": 184095365201,
  "usdc_supply": 78155906499,
  "btc_price": 68284,
  "btc_dom": 56.4,
  "total_mcap": 2423456276440.277,
  "total_volume": 97623873254.25758,
  "fear_greed": 10,
  "fear_greed_label": "Extreme Fear",
  "gork_price": 0.00176219,
  "gork_mcap": 1769509,
  "gork_24h": -4.70546
}