{
  "_updated": "Apr 12, 2026",
  "_note": "Updated daily by Jordan",
  "funding_rate": null,
  "stablecoin_total": 263473440449,
  "usdt_supply": 184721749492,
  "usdc_supply": 78751690957,
  "btc_price": 74515,
  "btc_dom": 57.24,
  "total_mcap": 2607596105667.569,
  "total_volume": 119844453819.9904,
  "fear_greed": 21,
  "fear_greed_label": "Extreme Fear",
  "gork_price": 0.00161513,
  "gork_mcap": 1617919,
  "gork_24h": 1.47499
}