{
  "_updated": "Apr 15, 2026",
  "_note": "Updated daily by Jordan",
  "funding_rate": null,
  "stablecoin_total": 266281857193,
  "usdt_supply": 187973868739,
  "usdc_supply": 78307988454,
  "btc_price": 75832,
  "btc_dom": 57.57,
  "total_mcap": 2636696323176.4053,
  "total_volume": 109254986267.39151,
  "fear_greed": 33,
  "fear_greed_label": "Fear",
  "gork_price": 0.00164136,
  "gork_mcap": 1640561,
  "gork_24h": 3.59166
}