{
  "_updated": "Apr 15, 2026",
  "_note": "Updated daily by Jordan",
  "funding_rate": null,
  "stablecoin_total": 266273257925,
  "usdt_supply": 187962983239,
  "usdc_supply": 78310274686,
  "btc_price": 75875,
  "btc_dom": 57.64,
  "total_mcap": 2634363980159.2363,
  "total_volume": 112877579519.4662,
  "fear_greed": 33,
  "fear_greed_label": "Fear",
  "gork_price": 0.00159872,
  "gork_mcap": 1597891,
  "gork_24h": 1.64771
}