{
  "_updated": "Mar 23, 2026",
  "_note": "Updated daily by Jordan",
  "funding_rate": null,
  "stablecoin_total": 263034870269,
  "usdt_supply": 184124328372,
  "usdc_supply": 78910541897,
  "btc_price": 70091,
  "btc_dom": 56.57,
  "total_mcap": 2483981899216.1436,
  "total_volume": 100566799944.93436,
  "fear_greed": 8,
  "fear_greed_label": "Extreme Fear",
  "gork_price": 0.00185237,
  "gork_mcap": 1854311,
  "gork_24h": 2.10182
}